Symbol,Average Monthly Return,StdDev of Monthly Returns,Median of Monthly returns,Mode of Monthly Returns,Max Monthly Return,Min Monthly Return,Kurtosis of Monthly Returns,Skewness of Monthly Returns
A,0.006467213,0.088444179,0.0136,-0.22796,0.23634,-0.22796,0.057101003,-0.029480959
AAPL,0.01575623,0.073094067,0.01358,-0.12227,0.18863,-0.12227,-0.811129086,0.117295897
ABBV,0.02562459,0.074711205,0.02457,-0.10689,0.22891,-0.10689,-0.047127317,0.26645711
ABNB,0.007676721,0.111001997,0.01102,0,0.29953,-0.26301,0.39502165,0.149413323
ABT,0.004166557,0.058766728,0.00692,-0.09436,0.13102,-0.09436,-0.703544638,0.232556759
ACGL,0.027045082,0.077274159,0.03342,-0.12919,0.26263,-0.12919,0.810747853,0.486612037
ACN,2.33E-03,0.078773956,0.0087,-0.1894,0.1599,-0.1894,-0.498019766,-0.12716306
ADBE,-0.005935738,0.101858767,-0.0074,-0.26307,0.24908,-0.26307,-0.253102325,0.045284452
ADI,0.016902951,0.077056036,-0.00268,-0.13248,0.20537,-0.13248,-0.110718462,0.530431265
ADM,0.007252787,0.082637763,-0.00542,-0.23041,0.20547,-0.23041,0.537250919,0.173027007
ADP,0.011057705,0.063974159,0.01326,-0.16388,0.14797,-0.16388,0.064257556,-0.068396246
ADSK,0.002861967,0.097581037,0.01257,-0.19968,0.25797,-0.19968,0.06698124,0.199540314
AEE,0.00523082,0.052369634,-0.00303,-0.13032,0.11881,-0.13032,-0.215408732,-0.013985256
AEP,0.00677541,0.056750462,0.00641,-0.13723,0.1183,-0.13723,-0.2188163,-0.029745665
AES,-0.001146885,0.111938512,0.00717,-0.20922,0.25,-0.20922,-0.648002881,-0.047221557
AFL,0.020829508,0.07119079,0.02497,-0.12218,0.29396,-0.12218,2.651313692,0.743168587
AIG,0.023809508,0.084466791,0.01252,-0.20342,0.23424,-0.20342,0.65740534,0.27215129
AIZ,0.012366557,0.068372375,0.00459,-0.09836,0.19225,-0.09836,0.075514132,0.619470002
AJG,0.019753934,0.071389938,0.03094,-0.19452,0.16174,-0.19452,-0.001057265,-0.374278236
AKAM,-0.009675574,0.082492743,0.00129,-0.19419,0.18522,-0.19419,-0.275936446,-0.25563094
ALB,0.012462459,0.154862634,-0.00672,-0.25441,0.45875,-0.25441,-0.030361672,0.469884769
ALGN,-0.002617869,0.149113305,0.01897,-0.39542,0.28157,-0.39542,0.1169214,-0.400374598
ALL,0.018043607,0.068341674,0.01401,-0.13746,0.15324,-0.13746,-0.456562627,-0.06342087
ALLE,0.009701967,0.07907815,0.00214,-0.12315,0.19417,-0.12315,-0.375116902,0.567246568
AMAT,0.034788361,0.131114199,0.03852,-0.22432,0.39254,-0.22432,0.348222982,0.567771955
AMCR,-0.003397049,0.059986334,-0.00206,0,0.13758,-0.12124,-0.587313897,0.200315403
AMD,0.030875902,0.16761049,-0.01319,-0.25345,0.58304,-0.25345,0.594110499,0.722186744
AME,0.01493,0.065250432,0.00386,-0.09533,0.20703,-0.09533,0.021344709,0.610221361
AMGN,0.005884098,0.068279564,-0.00636,-0.12865,0.19942,-0.12865,-0.168860302,0.389377283
AMP,0.021785082,0.078260515,0.00878,-0.13968,0.22691,-0.13968,-0.213930358,0.277321741
AMT,-0.003621148,0.076652135,0.00024,-0.15489,0.17653,-0.15489,-0.284248621,0.228540109
AMZN,0.009148525,0.094307248,0.02091,-0.23753,0.2706,-0.23753,0.607925781,0.108648612
ANET,0.042074426,0.127054745,0.05847,-0.32761,0.33201,-0.32761,0.671321279,-0.369229302
AON,0.017680656,0.073430192,0.02546,-0.15495,0.17794,-0.15495,-0.609602236,-0.133352096
AOS,0.007852951,0.090895311,-0.00179,-0.16398,0.24512,-0.16398,-0.093410498,0.267498833
APA,0.029429508,0.145131905,0.02191,-0.2607,0.55301,-0.2607,2.229233912,0.958359298
APD,-0.006108361,0.077393433,-0.00613,-0.16241,0.23866,-0.16241,0.810254328,0.613927592
APH,0.02734541,0.074793802,0.02077,-0.09145,0.19804,-0.09145,-0.738555002,0.349622454
APO,0.026338197,0.109879663,0.02432,-0.19909,0.25343,-0.19909,-0.492757723,0.025713093
APP,0.065850984,0.248495617,0.0195,0,0.98802,-0.31657,2.294669135,1.194236558
APTV,0.003145082,0.107961098,-0.0015,-0.2108,0.23018,-0.2108,-0.695692572,0.209136503
ARE,-0.014227213,0.093336265,-0.01183,-0.30142,0.1747,-0.30142,0.625511145,-0.441384781
ATO,0.012032787,0.056635833,0.01584,-0.10169,0.15999,-0.10169,-0.088717226,0.187708581
AVB,0.006616885,0.061880334,-0.00213,-0.09965,0.19737,-0.09965,0.145787333,0.54373708
AVGO,0.044612787,0.110863432,0.03536,-0.24332,0.4304,-0.24332,2.06079863,0.55380408
AVY,0.007077541,0.076658606,-0.00748,-0.1531,0.21727,-0.1531,0.324842714,0.563733762
AWK,-0.003940164,0.065358268,-0.00574,-0.14858,0.18357,-0.14858,0.396161872,0.372484023
AXON,0.038289508,0.148334189,0.01146,-0.28712,0.52765,-0.28712,0.899491092,0.687514066
AXP,0.030518197,0.088546747,0.02784,-0.17889,0.29976,-0.17889,0.677820944,0.279544297
AZO,0.024670328,0.067881893,0.01821,-0.14354,0.25567,-0.14354,1.783794907,0.647916689
BA,0.010675902,0.122054658,-0.00271,-0.24443,0.45931,-0.24443,2.544409517,0.996694649
BAC,0.018461967,0.092670591,0.015,-0.19391,0.30489,-0.19391,0.686338896,0.311220595
BALL,-0.006587541,0.0876598,-0.01388,-0.23985,0.21479,-0.23985,0.339453781,0.295282472
BAX,-0.019401639,0.090775815,-0.01877,-0.28137,0.17554,-0.28137,0.10839936,-0.154248411
BBY,-0.002322131,0.092579725,-0.01084,-0.20558,0.24689,-0.20558,-0.155189744,0.483249014
BDX,-0.004203115,0.055622273,-0.0054,0.03483,0.09203,-0.16659,-0.031632094,-0.419855008
BEN,0.004123115,0.100874635,-0.00223,-0.18748,0.20121,-0.18748,-1.019684748,0.114124167
BF.B,-0.011827377,0.066005426,-0.01525,-0.19286,0.15708,-0.19286,0.131021699,-0.074562131
BG,0.015741311,0.0866018,0.00381,-0.23352,0.21134,-0.23352,0.66863029,-0.112755019
BIIB,-0.007467049,0.091948572,-0.03443,-0.165,0.36657,-0.165,4.882092714,1.749140535
BK,0.021514098,0.075604099,0.03182,-0.1625,0.1873,-0.1625,-0.28306654,-0.288726523
BKNG,0.024364098,0.09318045,0.02372,-0.22044,0.2502,-0.22044,-0.00886615,0.041805896
BKR,0.030006393,0.115722891,0.01757,-0.19761,0.3269,-0.19761,0.274326198,0.396862213
BLDR,0.032855082,0.138333662,0.0465,-0.25311,0.26629,-0.25311,-0.96150687,-0.149547594
BLK,0.007971148,0.084528314,0.0191,-0.18254,0.22694,-0.18254,-0.118709928,-0.015057674
BMY,-0.000621803,0.068634056,0.00239,-0.18975,0.1626,-0.18975,0.735272099,-0.240217882
BR,0.008144426,0.063881012,0.00536,-0.15686,0.13584,-0.15686,-0.016106668,-0.051669931
BRK.B,0.020518525,0.06086874,0.02341,-0.13596,0.13636,-0.13596,-0.63175115,-0.043653084
BRO,0.01717918,0.078049444,0.02007,-0.17588,0.18861,-0.17588,-0.153065321,-0.172224297
BSX,0.021850164,0.056089462,0.01973,-0.11732,0.14599,-0.11732,-0.302378723,0.074304174
BX,0.021352951,0.113069078,0.02708,-0.22549,0.29344,-0.22549,-0.251746113,-0.095745681
BXP,0.004012623,0.100391998,-0.01641,-0.27395,0.35561,-0.27395,2.299753918,0.613091071
C,0.018592295,0.099820202,-0.00064,-0.17998,0.32955,-0.17998,0.520801224,0.515099843
CAG,-0.01112623,0.052325806,-0.01105,-0.11009,0.12473,-0.11009,-0.057408641,0.244418201
CAH,0.029010328,0.077916987,0.01819,0.02555,0.21541,-0.11603,-0.514802596,0.535993026
CARR,0.009029016,0.085520238,0.00222,-0.16569,0.2154,-0.16569,-0.444692158,0.230111413
CAT,0.027248852,0.106078768,0.01993,-0.17198,0.31923,-0.17198,-0.039514188,0.483065263
CB,0.018093934,0.064356223,0.0261,-0.14642,0.18149,-0.14642,-0.165455146,-0.005583837
CBOE,0.022651803,0.047962917,0.01971,-0.09474,0.12339,-0.09474,-0.104599573,-0.022135797
CBRE,0.027068852,0.10090662,0.02156,-0.14852,0.29731,-0.14852,0.061366599,0.522305854
CCI,-0.008650328,0.080261496,-0.0103,-0.15384,0.26135,-0.15384,1.095134694,0.722787732
CCL,0.031704098,0.198581896,0.00053,-0.3768,0.67676,-0.3768,0.990467553,0.799689439
CDNS,0.020811475,0.090124433,0.01878,-0.18358,0.24029,-0.18358,-0.196679759,0.014658869
CDW,0.007398361,0.088103119,0.00098,-0.19524,0.25892,-0.19524,0.217643884,0.270398214
CEG,0.04047459,0.137665746,0,0,0.51516,-0.32786,2.832160242,1.067051646
CF,0.027050656,0.118521049,0.01756,-0.2125,0.49644,-0.2125,3.518100393,1.198448854
CFG,0.01785377,0.108401175,0.01877,-0.29894,0.23696,-0.29894,0.156719839,-0.125759467
CHD,0.000117541,0.053322081,-0.00651,-0.14658,0.14679,-0.14658,0.620362281,0.288011891
CHRW,0.009713443,0.078164051,0.00269,-0.15629,0.21648,-0.15629,0.349243223,0.493707169
CHTR,-0.013992295,0.116039231,0.00794,-0.34111,0.27014,-0.34111,0.579798214,-0.190822608
CI,0.01407541,0.094906427,0.02938,-0.19307,0.25256,-0.19307,0.201161817,-0.001028526
CINF,0.023059344,0.078142802,0.02888,-0.18188,0.22595,-0.18188,0.010545838,0.068874788
CL,0.000887049,0.049453652,0.00807,-0.10178,0.13756,-0.10178,-0.081073657,0.066728402
CLX,-0.011366557,0.0746596,-0.01452,-0.17175,0.21793,-0.17175,1.373614709,0.525709713
CMCSA,-0.005405902,0.07793911,-0.00676,-0.18956,0.18939,-0.18956,-0.268430093,0.084300103
CME,0.016433115,0.055635081,0.01847,0.01847,0.16129,-0.09447,0.027885833,0.440348672
CMG,0.008022951,0.097002147,0.00095,-0.23633,0.21034,-0.23633,0.109340458,0.058811735
CMI,0.01769918,0.080434957,0.01873,-0.13032,0.2313,-0.13032,0.110248124,0.431291696
CMS,0.003568361,0.052070885,0.00144,-0.1377,0.13803,-0.1377,0.258940257,0.146354873
CNC,-0.003253115,0.106724785,0.00145,-0.51971,0.22865,-0.51971,8.273963153,-1.629361528
CNP,0.009096066,0.053231616,0.01061,-0.10625,0.11237,-0.10625,-0.560889063,-0.15546421
COF,0.02359541,0.09829769,0.026,-0.19193,0.28012,-0.19193,-0.043003743,0.17190897
COIN,0.036556721,0.288300767,0,0,1.06802,-0.40881,1.946301011,1.138946503
COO,0.001269836,0.07554094,0.01729,-0.16395,0.15714,-0.16395,-0.615865949,-0.325222553
COP,0.027295574,0.113919101,0.00433,-0.20069,0.38225,-0.20069,1.495389953,0.942308025
COR,0.023190328,0.064390355,0.01978,-0.10682,0.16175,-0.10682,-0.541809178,0.240670805
COST,0.018189836,0.066693989,0.02795,-0.15345,0.14,-0.15345,-0.381863539,-0.32539558
CPAY,0.009155902,0.08533542,0.00844,-0.17108,0.20053,-0.17108,-0.374206212,-0.062184002
CPB,-0.005707705,0.050490891,0.00031,0.01927,0.12288,-0.09959,-0.481441692,-0.002545012
CPRT,0.010832131,0.087662924,-0.01039,-0.15648,0.23159,-0.15648,-0.215986192,0.467470824
CPT,0.005605082,0.067282266,0.01301,-0.1491,0.13047,-0.1491,-0.815210606,-0.192002063
CRL,-0.003997377,0.131915344,-0.02174,0,0.36667,-0.275,0.513372129,0.562911282
CRM,0.001089508,0.100259496,-0.00706,-0.21463,0.26684,-0.21463,0.151620805,0.303825114
CRWD,0.039254754,0.152514451,0.0561,-0.39466,0.38192,-0.39466,0.306146421,-0.160721231
CSCO,0.014937541,0.067062322,0.01484,-0.12159,0.19833,-0.12159,0.351542183,0.252151983
CSGP,-0.004601639,0.084128804,-0.02267,-0.18443,0.20162,-0.18443,0.137508658,0.572298895
CSX,0.008382951,0.075645498,0.0065,-0.15829,0.21621,-0.15829,-0.196276719,0.241547329
CTAS,0.01697918,0.065888915,0.01955,-0.19084,0.13911,-0.19084,0.670817585,-0.423881733
CTRA,0.012150164,0.1004148,-0.0024,-0.24876,0.36941,-0.24876,2.248301108,0.756026854
CTSH,0.001848689,0.066717006,0.00683,-0.10995,0.16716,-0.10995,-0.690871029,0.25827429
CTVA,0.0197,0.085429407,0.02167,-0.13542,0.26803,-0.13542,0.214363163,0.522519151
CVS,0.010035246,0.093897862,-0.00154,-0.24996,0.25819,-0.24996,0.784603798,0.243427918
CVX,0.021153115,0.092694582,0.01052,-0.18668,0.25914,-0.18668,0.933474666,0.554261383
D,-0.004906885,0.061545847,0.01767,-0.15513,0.1245,-0.15513,-0.255139734,-0.522192941
DAL,0.022142131,0.130407626,0.0111,-0.35187,0.31364,-0.35187,0.797368858,0.012826939
DASH,0.01489,0.148103345,0.01517,0,0.35391,-0.32152,-0.007645358,0.037883641
DAY,-0.001450328,0.103700977,0.0016,-0.27417,0.20981,-0.27417,-0.150077042,-0.101696753
DD,0.012476393,0.087181259,0.00721,-0.19667,0.24061,-0.19667,0.384742265,0.175848851
DDOG,0.016091311,0.134963374,0.02286,-0.30481,0.43083,-0.30481,1.554870432,0.525531798
DE,0.017421475,0.087455339,-0.00302,-0.16298,0.2955,-0.16298,0.767452412,0.777022647
DECK,0.01759459,0.121723275,0.01813,-0.36959,0.33654,-0.36959,1.138209558,-0.243403039
DELL,0.03090918,0.110426457,0.01332,-0.24381,0.37681,-0.24381,0.795353334,0.272173835
DG,-0.007416721,0.094337452,-0.01638,-0.31082,0.23741,-0.31082,1.545888538,-0.330633826
DGX,0.006594426,0.065986726,0.01012,-0.21958,0.17084,-0.21958,1.514526248,-0.289366733
DHI,0.015557377,0.106818268,0.00091,-0.17732,0.27673,-0.17732,-0.66281134,0.231342425
DHR,0.000773115,0.067887868,-0.01108,-0.14387,0.16295,-0.14387,-0.200501569,0.176145947
DIS,0.006711639,0.108143032,-0.01066,-0.18613,0.27392,-0.18613,0.139674412,0.767898077
DLR,0.000104918,0.077760964,0.01418,-0.19777,0.14311,-0.19777,-0.482305964,-0.332816909
DLTR,0.00918541,0.103022171,0.00384,-0.20715,0.24193,-0.20715,-0.317994334,-0.002873262
DOC,-0.010149836,0.076611999,-0.01836,-0.20051,0.14319,-0.20051,-0.490060324,-0.106773342
DOV,0.011830492,0.076836801,0.00878,-0.15041,0.183,-0.15041,-0.630613894,0.102235798
DOW,-0.006570492,0.084052431,-0.0177,-0.24081,0.23198,-0.24081,0.755850729,0.262217724
DPZ,0.002801148,0.092831514,0.00616,-0.19435,0.1773,-0.19435,-0.440088483,-0.042040351
DRI,0.016679016,0.066905275,0.01755,-0.09504,0.21482,-0.09504,0.545986683,0.663285002
DTE,0.00690623,0.053618394,0.0017,-0.11731,0.1534,-0.11731,0.282902495,0.413366858
DUK,0.002243607,0.04661874,0.00504,-0.12992,0.09019,-0.12992,0.273804388,-0.502976663
DVA,0.009227049,0.109654895,0.00422,-0.18301,0.31374,-0.18301,0.577482953,0.675847659
DVN,0.038824098,0.14434374,0.04186,-0.26422,0.56663,-0.26422,2.008591644,0.817451786
DXCM,0.004891803,0.136056956,0.00031,-0.40183,0.49963,-0.40183,3.046803335,0.374206401
EA,0.008451967,0.075641892,0.00566,-0.15988,0.17582,-0.15988,-0.01985202,0.105074522
EBAY,0.012043934,0.097748047,-0.00159,-0.16587,0.28512,-0.16587,-0.10778205,0.484556808
ECL,0.011479836,0.069807756,0.00849,-0.0285,0.21003,-0.19242,1.037163353,0.226377994
ED,0.003692951,0.055365511,0.00159,-0.12257,0.17975,-0.12257,0.866784236,0.386774666
EFX,0.008283279,0.106918633,0.0044,-0.18112,0.28389,-0.18112,-0.131193561,0.417960335
EG,0.014107869,0.070495229,0.01811,-0.13877,0.22946,-0.13877,0.797211891,0.435295103
EIX,0.002500656,0.077724169,0.01003,-0.32365,0.13449,-0.32365,3.840491837,-1.266692918
EL,-0.007685246,0.119526553,-0.01725,-0.30846,0.22903,-0.30846,-0.488061228,-0.070806634
ELV,0.006149672,0.082390624,0.00628,-0.27221,0.20867,-0.27221,2.46801423,-0.265640306
EME,0.048818525,0.118067832,0.0361,-0.17504,0.53522,-0.17504,4.385110234,1.542479976
EMR,0.016693279,0.091396429,0.00303,-0.15629,0.23645,-0.15629,-0.409438932,0.466531163
EOG,0.027093115,0.117070205,0.01068,-0.19363,0.42327,-0.19363,2.162086418,1.158697918
EPAM,-0.009377049,0.158867154,-0.00701,-0.56368,0.29298,-0.56368,1.565624853,-0.839174226
EQIX,0.000238689,0.070041485,0.0013,-0.14298,0.21928,-0.14298,0.638413627,0.124961011
EQR,0.006925082,0.063414281,-0.00045,-0.0944,0.23287,-0.0944,1.538146386,0.812496528
EQT,0.032607049,0.131235864,0.02494,-0.27913,0.61929,-0.27913,6.013684351,1.38320159
ERIE,0.009846393,0.088688768,-0.01018,-0.16854,0.25577,-0.16854,0.251303553,0.669384438
ES,-0.004372131,0.068087934,-0.00896,-0.13078,0.1446,-0.13078,-0.6477736,0.011014626
ESS,0.00799918,0.068155466,0.00805,-0.13794,0.20182,-0.13794,0.136062829,0.318476786
ETN,0.026398852,0.088637022,0.02098,-0.16729,0.27064,-0.16729,-0.114509551,0.167950035
ETR,0.010038033,0.06016191,0.00898,-0.12723,0.17605,-0.12723,-0.08721179,0.085137909
EVRG,0.005537541,0.050806829,0.00396,-0.13323,0.10795,-0.13323,-0.211227076,-0.250977316
EW,0.009679508,0.092635732,0.02622,-0.31742,0.21779,-0.31742,1.634797524,-0.55788315
EXC,0.010039836,0.056215057,0.01313,0.02749,0.15264,-0.14689,0.643057171,0.099295113
EXE,0.021346393,0.087086136,0.00789,0,0.27622,-0.16718,0.095118081,0.400069025
EXPD,0.008658525,0.077353895,0.01348,-0.14752,0.20297,-0.14752,0.042666421,0.280112331
EXPE,0.03063541,0.138422093,0.01157,-0.26676,0.42911,-0.26676,1.019100332,0.637296382
EXR,0.006712787,0.088471758,0.00753,-0.14797,0.25659,-0.14797,0.242174906,0.593887051
F,0.013828689,0.123368813,0.01614,-0.26509,0.31986,-0.26509,-0.094719794,0.208643448
FANG,0.042830656,0.129870827,0.01494,-0.20307,0.53929,-0.20307,2.624315583,1.14655754
FAST,0.013196393,0.069564523,0.01998,-0.16089,0.14388,-0.16089,-0.298003906,-0.445979735
FCX,0.02784459,0.131793775,-0.01697,-0.25128,0.3489,-0.25128,-0.369555598,0.461848176
FDS,-0.001190164,0.066198767,0.00195,-0.23259,0.1244,-0.23259,1.345132087,-0.687215145
FDX,0.006152787,0.097251042,0.00062,-0.29572,0.20693,-0.29572,0.474662027,-0.169599779
FE,0.009198852,0.056533222,0.0049,-0.10638,0.15248,-0.10638,-0.141488978,0.200410179
FFIV,0.01135541,0.084718272,0.00663,-0.21702,0.22469,-0.21702,0.743508977,-0.224935639
FICO,0.031688852,0.108287108,0.03595,-0.21403,0.29421,-0.21403,0.170154293,0.032064372
FIS,-0.010624754,0.103072451,-0.01056,-0.27599,0.19405,-0.27599,-0.360037112,-0.077025974
FISV,0.003241311,0.106486306,0.00907,-0.48274,0.20645,-0.48274,6.051817377,-1.466236413
FITB,0.018296885,0.095742679,0.01877,-0.26591,0.2945,-0.26591,1.150608266,0.096555581
FOX,0.017660328,0.065515177,0.01735,-0.12275,0.16862,-0.12275,-0.462437517,0.064360964
FOXA,0.019856066,0.066371243,0.02002,-0.12032,0.15811,-0.12032,-0.643754771,-0.070824161
FRT,0.008335082,0.077006152,0.00061,-0.16726,0.2681,-0.16726,1.23198549,0.652779498
FSLR,0.021277213,0.157267876,0.01553,-0.24528,0.54146,-0.24528,1.261518045,0.870646876
FTNT,0.037083279,0.115864092,0.03871,-0.2253,0.32167,-0.2253,0.0821765,-0.006094353
FTV,0.003873115,0.071754225,0.00255,-0.13623,0.18518,-0.13623,-0.354182834,0.124957028
GD,0.020736557,0.060055188,0.01369,-0.07321,0.2378,-0.07321,2.243017283,1.169285859
GDDY,0.012818852,0.093642046,-0.00101,-0.15589,0.36638,-0.15589,2.201410821,0.999497435
GE,0.046846721,0.111531575,0.02597,-0.18674,0.37197,-0.18674,0.868085401,0.63372406
GEHC,0.011823443,0.073290471,0,0,0.24427,-0.16137,2.971329873,1.220359662
GEN,0.005215902,0.096461045,0.00683,-0.25424,0.32533,-0.25424,2.470191725,0.746687103
GEV,0.024509344,0.082052472,0,0,0.2755,-0.18129,2.874779913,1.424862109
GILD,0.012697213,0.071973721,-0.00185,-0.06402,0.27184,-0.13439,1.943878326,0.842973035
GIS,-0.003248361,0.046363105,-0.0075,-0.09473,0.09082,-0.09473,-0.57829362,0.131368988
GL,0.012695574,0.073666813,0.00695,-0.34545,0.15868,-0.34545,8.408328139,-1.638081753
GLW,0.018029016,0.087571111,0.01609,-0.15443,0.22378,-0.15443,-0.235779416,0.324817281
GM,0.01604377,0.107103862,0.01283,-0.09924,0.26962,-0.1789,-0.487993005,0.136090092
GNRC,0.012192787,0.167016819,0.00546,-0.34933,0.39253,-0.34933,-0.141553846,0.419527445
GOOG,0.022029672,0.084342891,0.0329,-0.24013,0.16508,-0.24013,0.725553933,-0.803503468
GOOGL,0.022230656,0.08445273,0.03172,-0.24204,0.15668,-0.24204,0.752406235,-0.844876543
GPC,0.012158852,0.076598708,0.00598,-0.17884,0.23125,-0.17884,0.470746784,0.357195616
GPN,-0.008957705,0.1017691,-0.00917,-0.22069,0.23742,-0.22069,-0.690363978,0.115333665
GRMN,0.015790492,0.081876107,0.01687,-0.13936,0.24588,-0.13936,-0.01593797,0.307004602
GS,0.028370656,0.089510517,0.02019,-0.14696,0.21974,-0.14696,-0.743435833,0.206024555
GWW,0.02241918,0.08358947,0.01502,-0.12552,0.21505,-0.12552,-0.273729643,0.482254496
HAL,0.024286721,0.139469416,0.01345,-0.23241,0.47929,-0.23241,1.389137002,0.824227295
HAS,0.00472459,0.081294295,0.00606,-0.31736,0.15465,-0.31736,2.822693022,-1.036992571
HBAN,0.013590164,0.088539513,0.00989,-0.2617,0.18866,-0.2617,0.379205662,-0.231900057
HCA,0.02740377,0.097437273,0.03376,-0.20124,0.26395,-0.20124,-0.439460173,0.027845974
HD,0.002785574,0.073871804,0.00237,-0.18434,0.13246,-0.18434,-0.52874961,-0.288162554
HIG,0.02687918,0.079389842,0.01965,-0.00083,0.39088,-0.11281,6.353134959,1.630715994
HII,0.019001639,0.090298303,0.00909,-0.3004,0.3084,-0.3004,2.573241169,-0.120406607
HLT,0.027479836,0.081535059,0.02584,-0.20886,0.21984,-0.20886,0.369938024,-0.109702357
HOLX,-0.000813115,0.062934958,0.0021,-0.14375,0.1247,-0.14375,-0.506324429,-0.074380189
HON,0.002435246,0.069746311,-0.00804,-0.11819,0.23625,-0.11819,2.097217074,1.146857782
HOOD,0.04374,0.229447587,0,0,0.8743,-0.31534,2.055513666,1.249709144
HPE,0.020030164,0.103319756,0.01065,-0.27183,0.27778,-0.27183,0.769904669,0.234634766
HPQ,0.010402623,0.100580464,0.00249,-0.15602,0.30444,-0.15602,1.046719719,0.77600809
HRL,-0.00921377,0.063575868,-0.01582,-0.1441,0.17899,-0.1441,1.423421252,0.552787785
HSIC,0.003707213,0.07924958,-0.00895,-0.14388,0.182,-0.14388,-0.511758149,0.419747874
HST,0.016244262,0.100719084,-0.00225,-0.21561,0.33875,-0.21561,1.154596283,0.583296447
HSY,0.010117213,0.061026011,0.00304,-0.11869,0.15719,-0.11869,-0.2170054,0.372500797
HUBB,0.024544754,0.091244129,0.02819,-0.21773,0.23685,-0.21773,0.11217622,-0.065047122
HUM,-0.006326066,0.095369509,-0.00892,-0.18599,0.21527,-0.18599,-0.303981374,0.246818251
HWM,0.056071967,0.112637207,0.03714,-0.00529,0.36,-0.13875,-0.273472897,0.573840247
IBKR,0.038531475,0.10658214,0.0378,-0.23846,0.2587,-0.23846,-0.017531573,0.188867211
IBM,0.016514426,0.072940313,0.01311,-0.14122,0.16396,-0.14122,-0.48531021,0.220822535
ICE,0.012427213,0.069330879,0.01205,-0.13171,0.20589,-0.13171,-0.095630527,0.094159291
IDXX,0.018227377,0.101011635,0.02083,-0.22957,0.21108,-0.22957,-0.136429097,-0.259810527
IEX,2.59E-05,0.074112847,-0.00676,-0.19321,0.15376,-0.19321,-0.245880071,-0.029973633
IFF,-0.004807213,0.089805253,0.00264,-0.20287,0.2423,-0.20287,0.409326864,-0.004410233
INCY,0.000151803,0.076270089,0.00816,-0.18352,0.1555,-0.18352,-0.237486454,-0.322856362
INTC,0.006049508,0.125719366,0.00408,-0.31017,0.37782,-0.31017,0.739773452,0.142741167
INTU,0.014795574,0.082449365,0.01008,-0.15046,0.20081,-0.15046,-0.355462705,0.052166208
INVH,0.001879508,0.062179895,-0.00896,-0.10919,0.12361,-0.10919,-0.929639973,0.313688513
IP,-0.001566066,0.092172985,-0.00192,-0.01312,0.2905,-0.23835,1.077185716,0.303849143
IPG,0.008750492,0.079684047,0.00234,-0.14583,0.23162,-0.14583,0.301618402,0.588545208
IQV,0.011406557,0.098832739,-0.00449,-0.14822,0.21513,-0.14822,-0.81802955,0.338095791
IR,0.018510984,0.092404247,0.01743,-0.1468,0.26703,-0.1468,-0.278954543,0.372485367
IRM,0.025681639,0.088698079,0.04089,-0.17416,0.20666,-0.17416,-0.320927612,-0.346641143
ISRG,0.019599836,0.101275943,0.02164,-0.20907,0.31493,-0.20907,0.238968634,0.136590784
IT,0.016671639,0.105044259,0.01215,-0.25826,0.3096,-0.25826,0.953198174,0.201469572
ITW,0.005567541,0.066597239,0.00885,-0.12409,0.18201,-0.12409,-0.006665951,0.307653759
IVZ,0.013434098,0.117199589,0.0275,-0.21113,0.33228,-0.21113,0.10328784,0.407620029
J,0.011597541,0.075312181,0.01524,-0.17354,0.28041,-0.17354,1.923483118,0.390912721
JBHT,0.009761148,0.087015547,0.00341,0.01013,0.25855,-0.18409,0.868392002,0.503363465
JBL,0.036549508,0.100225178,0.02958,-0.16759,0.29814,-0.16759,-0.085855557,0.180192019
JCI,0.022216066,0.091682526,0.02705,-0.15083,0.2397,-0.15083,-0.526003504,0.111691539
JKHY,0.005065082,0.068256096,0.00702,-0.16309,0.17424,-0.16309,0.016499041,0.248744509
JNJ,0.006964754,0.048246625,0.00748,-0.08597,0.09709,-0.08597,-0.860866022,0.045185588
JPM,0.024055902,0.077667004,0.02338,-0.14838,0.20459,-0.14838,-0.19346178,0.238866514
K,0.006921803,0.061498095,0.00339,-0.09617,0.38624,-0.09617,24.01966003,3.940141801
KDP,0.00120459,0.055481399,-0.00132,-0.12307,0.13197,-0.12307,-0.18570487,-0.003800212
KEY,0.01241377,0.109295422,0.01308,-0.34758,0.33225,-0.34758,1.60536363,-0.062251833
KEYS,0.007028361,0.085257227,0.00679,-0.18251,0.17954,-0.18251,-0.534733767,-0.110116755
KHC,0.000734918,0.064983239,-0.00279,-0.1126,0.19367,-0.1126,0.206018188,0.596369646
KIM,0.013959016,0.087315735,0.00517,-0.16406,0.40741,-0.16406,5.641591201,1.43895223
KKR,0.026915574,0.126010443,0.02334,-0.30801,0.36895,-0.30801,0.415838255,0.111622746
KLAC,0.034411639,0.102065472,0.0231,-0.13969,0.27787,-0.13969,-0.557773674,0.358665131
KMB,-0.002685574,0.058049728,-0.01645,-0.12138,0.12723,-0.12138,-0.40948063,0.227349565
KMI,0.015495082,0.067351647,0.0195,-0.14881,0.2084,-0.14881,0.56438799,0.38818936
KO,0.010361639,0.052179924,0.01158,-0.12199,0.12888,-0.12199,0.350542554,-0.012771882
KR,0.015983279,0.075503588,0.00941,-0.12166,0.31613,-0.12166,3.741865508,1.305477852
KVUE,-0.004296393,0.065845913,0,0,0.18713,-0.21632,2.499121496,-0.157575634
L,0.022114098,0.057175994,0.02196,-0.0989,0.20848,-0.0989,0.956953035,0.47173855
LDOS,0.016795246,0.086804645,0.01126,-0.16604,0.21325,-0.16604,-0.127121983,0.153546554
LEN,0.011914098,0.09816788,0.01213,-0.21802,0.21744,-0.21802,-0.236116949,0.141820522
LH,0.008787541,0.065070759,0.01857,-0.14081,0.13551,-0.14081,-0.396810231,-0.24766615
LHX,0.015311639,0.076417182,0.00823,-0.14607,0.20555,-0.14607,0.511989026,0.633663069
LII,0.012418852,0.076626202,0.01147,-0.17323,0.18351,-0.17323,-0.403234693,0.062451909
LIN,0.014142951,0.063267815,0.01061,-0.11937,0.16375,-0.11937,-0.13633068,0.183167619
LKQ,0.005598525,0.091912729,-0.00216,-0.20373,0.20633,-0.20373,-0.415950031,-0.074883647
LLY,0.042389672,0.095401168,0.04152,-0.17941,0.23176,-0.17941,-0.544587334,0.025867613
LMT,0.008726721,0.067281717,-0.00272,-0.09341,0.25988,-0.09341,2.338968075,1.234181938
LNT,0.003891639,0.052722237,0.00092,-0.13188,0.12192,-0.13188,-0.155605487,0.10808283
LOW,0.008277377,0.073639404,-0.00505,-0.14814,0.19681,-0.14814,-0.101222883,0.404378647
LRCX,0.033559836,0.124582759,0.02473,-0.18053,0.33699,-0.18053,-0.546887164,0.342272853
LULU,-0.006738689,0.114699301,-0.01384,-0.31661,0.19257,-0.31661,-0.312468544,-0.157317928
LUV,0.008694754,0.114483048,-0.01387,-0.21239,0.38962,-0.21239,1.586285992,0.849007242
LVS,0.01627,0.117284179,0.00823,-0.19624,0.30173,-0.19624,0.039869501,0.435166196
LW,0.002127213,0.092070277,0.00806,-0.28616,0.22072,-0.28616,1.127154098,-0.449683016
LYB,0.000817869,0.084765659,-0.0055,-0.23449,0.24324,-0.23449,1.535470992,0.41043055
LYV,0.028395902,0.115228353,0.01539,-0.1594,0.34529,-0.1594,0.233544602,0.600488434
MA,0.014180328,0.068702,0.01173,-0.12341,0.16585,-0.12341,-0.467694198,0.071825814
MAA,0.005186557,0.064826744,-0.00378,-0.11416,0.16169,-0.11416,-0.54638195,0.27190303
MANU,0.008398852,0.143516464,-0.01265,-0.27893,0.69219,-0.27893,7.776348633,1.92050796
MAR,0.028417213,0.100313672,0.01987,-0.20731,0.36596,-0.20731,1.947484085,0.74403598
MAS,0.005085574,0.089723782,0.00463,-0.19469,0.1875,-0.19469,-0.58987992,0.197854177
MCD,0.007010164,0.048577929,-0.00411,-0.08538,0.18168,-0.08538,1.412319769,0.858775525
MCHP,0.007439836,0.111246518,-0.02459,-0.20055,0.28264,-0.20055,0.092789335,0.652305896
MCK,0.03321,0.072832784,0.03279,-0.11881,0.25552,-0.11881,1.086940802,0.604129896
MCO,0.009895246,0.07413255,0.00802,-0.14554,0.18494,-0.14554,-0.532485216,0.246533243
MDLZ,0.002790164,0.057398975,-0.00801,-0.11364,0.17003,-0.11364,0.317107984,0.675075337
MDT,0.002443115,0.065078381,-0.00446,-0.10979,0.13696,-0.10979,-0.668175777,0.328344001
MET,0.017560492,0.08456785,0.01689,-0.20652,0.26251,-0.20652,1.57200684,0.364800484
META,0.022113607,0.136570905,0.01897,-0.32634,0.4227,-0.32634,1.181996962,-0.077645816
MGM,0.020617049,0.123419822,0.01244,-0.17215,0.37336,-0.17215,0.578585584,0.653616856
MHK,0.00912459,0.129234798,0.00878,-0.21328,0.41799,-0.21328,0.824936901,0.784715464
MKC,-0.003431803,0.06206888,-0.00424,-0.15521,0.12691,-0.15521,-0.050941221,-0.070816187
MLM,0.019218525,0.083437613,0.01293,-0.13917,0.20754,-0.13917,-0.460927611,0.179768008
MMC,0.013008689,0.061533324,0.01953,-0.1161,0.12518,-0.1161,-0.772010194,-0.169162268
MMM,0.003848361,0.080415584,0.00498,-0.13694,0.24817,-0.13694,0.371107314,0.392411991
MNST,0.015015082,0.066790965,0.02512,-0.10831,0.2014,-0.10831,-0.265860505,0.195010983
MO,0.01357377,0.073300896,0.00806,-0.22777,0.24537,-0.22777,2.29870481,-0.132359373
MOH,0.0018,0.102805572,0.00437,-0.47006,0.17206,-0.47006,6.207296546,-1.571113452
MOS,0.019014754,0.143624467,0.00368,-0.25414,0.66458,-0.25414,5.716349429,1.42759117
MPC,0.041231639,0.098782593,0.04285,-0.19236,0.31797,-0.19236,0.523168432,0.325027408
MPWR,0.031015246,0.118523426,0.0504,-0.25242,0.24218,-0.25242,-0.572357007,-0.369994036
MRK,0.004642131,0.064593985,-0.00663,-0.14923,0.1751,-0.14923,0.490708677,0.44555502
MRNA,-0.004153607,0.254640322,-0.03437,-0.35078,1.26382,-0.35078,9.803974058,2.460637404
MS,0.022835082,0.090394542,0.03171,-0.15719,0.28411,-0.15719,-0.094103346,0.123928662
MSCI,0.009430164,0.084508688,-0.0054,-0.1689,0.17031,-0.1689,-0.596747211,0.106338544
MSFT,0.015485574,0.066309994,0.01643,-0.10927,0.17629,-0.10927,-0.233224723,0.232111797
MSI,0.01605377,0.068148391,0.01846,-0.14634,0.15948,-0.14634,-0.455807348,-0.113530952
MTB,0.015910984,0.081396649,0.0244,-0.23353,0.14449,-0.23353,0.355371786,-0.644270415
MTCH,-0.019021475,0.124643864,-0.02438,-0.29065,0.30441,-0.29065,0.097904316,0.256012601
MTD,0.006827541,0.08748553,-0.00774,-0.13866,0.17493,-0.13866,-0.93866378,0.224567355
NCLH,0.017241639,0.178389911,-0.00543,-0.33122,0.4868,-0.33122,0.208590721,0.455860927
NDAQ,0.013102459,0.067703948,0.01284,-0.14666,0.18592,-0.14666,-0.149771988,-0.02775154
NDSN,0.004607049,0.068268777,0.0066,-0.19828,0.14103,-0.19828,0.170021475,-0.203265819
NEE,0.000909508,0.06956584,0.00519,-0.16324,0.19486,-0.16324,0.335999297,-0.246800346
NEM,0.004932787,0.103511305,0.00281,-0.24116,0.29884,-0.24116,0.169292188,0.213011649
NFLX,0.019984918,0.123889651,0.01213,-0.49182,0.2861,-0.49182,4.158015945,-1.073302841
NI,0.0123,0.05055439,0.01469,-0.14639,0.12648,-0.14639,0.634085981,-0.264293421
NKE,-0.007682787,0.09217122,-0.00524,-0.21916,0.18353,-0.21916,-0.334812514,-0.112996497
NOC,0.016648525,0.067021986,0.00814,-0.17883,0.20903,-0.17883,1.74467828,0.667569153
NOW,0.009059672,0.086919587,0.00307,-0.21823,0.19955,-0.21823,0.277518619,0.275531413
NRG,0.030873443,0.118499376,0.02583,-0.25041,0.4227,-0.25041,1.241849476,0.629205178
NSC,0.007742623,0.083565386,-0.00248,-0.14918,0.22487,-0.14918,-0.499366906,0.281898979
NTAP,0.013398525,0.097652491,-0.0047,-0.28059,0.2557,-0.28059,1.180043517,0.132925908
NTRS,0.011960328,0.084263778,-0.00163,0.11652,0.2024,-0.13664,-0.497022348,0.416945621
NUE,0.039704754,0.160299492,0.02395,-0.24552,0.64724,-0.24552,2.708983158,1.202982077
NVDA,0.06513541,0.159347309,0.0562,-0.32027,0.46856,-0.32027,0.045272972,0.246953909
NVR,0.011322951,0.074836469,0.01124,-0.16143,0.14482,-0.16143,-0.587978652,-0.030804884
NWS,0.019550656,0.092259142,0.01978,-0.15558,0.3679,-0.15558,2.68259114,0.93068163
NWSA,0.01739623,0.094737672,0.01778,-0.1535,0.34425,-0.1535,2.498575215,0.985338094
NXPI,0.014682787,0.105319858,-0.00969,-0.21991,0.25469,-0.21991,-0.489693655,0.42045334
O,-0.000155574,0.057302831,-0.00259,-0.14763,0.13888,-0.14763,-0.13469279,-0.019961347
ODFL,0.013858689,0.095013634,0.01152,-0.21649,0.23923,-0.21649,-0.004100396,0.220115343
OKE,0.023016393,0.090778342,0.02376,-0.17194,0.27191,-0.17194,0.504616484,0.194783004
OMC,0.014024262,0.084360806,0.00129,-0.17916,0.33475,-0.17916,2.513746117,0.802234962
ON,0.023330164,0.132707241,0.0298,0.06119,0.32737,-0.32609,-0.21862761,-0.105377174
ORCL,0.026198361,0.110909089,0.01934,-0.24314,0.32079,-0.24314,0.329287277,0.297578233
ORLY,0.026081967,0.064430946,0.02545,-0.12401,0.19221,-0.12401,0.395865169,0.020065908
OTIS,0.00905082,0.068755915,0.00911,-0.13462,0.13762,-0.13462,-0.851595355,-0.072181863
OXY,0.04244377,0.157047343,0.00938,-0.20158,0.72618,-0.20158,5.849410534,1.969177137
PANW,0.037017213,0.11004416,0.02937,-0.17869,0.32881,-0.17869,-0.143055819,0.204687638
PAYC,-0.008246721,0.114566084,-0.01484,-0.25844,0.25491,-0.25844,-0.345949529,0.009045409
PAYX,0.007725082,0.065828797,0.0026,-0.13729,0.15888,-0.13729,-0.347893846,0.357224858
PCAR,0.01311377,0.074893068,0.01235,-0.14351,0.23409,-0.14351,0.855995738,0.670064463
PCG,0.008909672,0.089234188,0.01698,-0.22448,0.32845,-0.22448,2.723729353,0.402175781
PEG,0.005975738,0.052590567,0.00224,0.00224,0.15158,-0.12632,0.346623488,0.136768636
PEP,0.000847869,0.04417631,-0.00109,-0.09577,0.11221,-0.09577,-0.237511102,0.24584168
PFE,-0.007430492,0.067099299,-0.0192,-0.13817,0.2284,-0.13817,1.528004288,0.936175981
PFG,0.018742459,0.083041403,0.01759,-0.19697,0.26951,-0.19697,1.440573156,0.486997655
PG,0.002020984,0.048507861,0.00231,-0.08876,0.13142,-0.08876,-0.20608967,0.250561793
PGR,0.02098918,0.073288898,0.01407,-0.16582,0.17784,-0.16582,-0.214853865,0.032170645
PH,0.030070328,0.08848,0.0168,-0.1403,0.28268,-0.1403,0.220042648,0.696842347
PHM,0.020766885,0.100976724,0.00881,-0.20478,0.24951,-0.20478,-0.304881756,0.124782413
PKG,0.011702459,0.073299632,0.00677,-0.17989,0.16034,-0.17989,-0.317027182,-0.102310916
PLD,0.006285246,0.083899214,0.0137,-0.06854,0.15984,-0.21633,0.317346328,-0.406486753
PLTR,0.078877705,0.312398721,0.04215,-0.33798,1.67621,-0.33798,10.96233129,2.622200809
PM,0.017702131,0.073218276,0.01545,-0.13069,0.21912,-0.13069,0.083490748,0.193073364
PNC,0.012567705,0.090675571,0.02065,-0.2317,0.23409,-0.2317,0.283249834,0.174945723
PNR,0.013943607,0.081309409,0.01845,-0.15625,0.23121,-0.15625,-0.03433883,0.141996584
PNW,0.00294082,0.059176973,-0.00073,-0.14386,0.1653,-0.14386,0.406789143,0.258249829
PODD,0.010231148,0.117765298,-0.00524,-0.30728,0.42634,-0.30728,2.073793092,0.624008748
POOL,-0.003302459,0.096186795,-0.01629,-0.15857,0.27546,-0.15857,0.568597057,0.826147042
PPG,-0.00420459,0.076599114,-0.01487,-0.16088,0.18427,-0.16088,-0.018086256,0.482311563
PPL,0.002402295,0.054590105,0.00992,-0.12827,0.11438,-0.12827,-0.374750106,-0.413052152
PRU,0.012024754,0.076639163,0.01149,-0.21155,0.22628,-0.21155,0.853644024,0.113380817
PSA,0.005342623,0.06976317,0.0024,-0.13966,0.1787,-0.13966,-0.045959983,0.321354059
PSKY,-0.000772623,0.148013367,-0.01099,-0.34805,0.37204,-0.34805,0.54067152,0.392275244
PSX,0.027139836,0.099725976,0.019,-0.18669,0.29833,-0.18669,0.74253246,0.483771921
PTC,0.011632459,0.088834606,0.00933,-0.19914,0.28577,-0.19914,1.121912434,0.454907865
PWR,0.04315918,0.10569661,0.05328,-0.17369,0.33883,-0.17369,0.298402602,0.294424721
PYPL,-0.020950164,0.121304777,-0.00098,-0.34902,0.23897,-0.34902,0.27370997,-0.603565294
Q,-0.003313279,0.025877534,0,0,0,-0.20211,61,-7.810249676
QCOM,0.005285902,0.104542931,-0.02145,-0.15159,0.35719,-0.15159,1.017467625,0.887469006
RCL,0.044458361,0.16244853,0.0461,-0.39883,0.43492,-0.39883,0.504708949,0.217855342
REG,0.01486377,0.073248271,0.00239,-0.13048,0.2807,-0.13048,2.209423281,1.000755411
REGN,0.008308689,0.083046613,0.00854,-0.20266,0.18554,-0.20266,-0.015067785,-0.063326302
RF,0.017930656,0.093909839,0.03185,-0.21155,0.21458,-0.21155,-0.354426773,-0.154431598
RJF,0.024399016,0.087130734,0.01865,-0.17551,0.22646,-0.17551,0.138936605,0.197969572
RL,0.043213115,0.112477284,0.01945,-0.12846,0.30688,-0.12846,-0.547615088,0.588978533
RMD,0.005798525,0.085236325,0.01568,-0.28226,0.19757,-0.28226,1.130230047,-0.535079608
ROK,0.013319672,0.093002991,-0.00204,-0.18423,0.28082,-0.18423,0.99095712,0.570244501
ROL,0.009797213,0.067623524,0.0075,-0.12471,0.21338,-0.12471,0.138730171,0.350449125
ROP,0.005214426,0.062582373,0.00886,-0.11121,0.15265,-0.11121,-0.175905352,0.140778909
ROST,0.014018197,0.089212263,0.01826,-0.17396,0.26242,-0.17396,0.284890558,0.19038212
RSG,0.018510164,0.056537839,0.01897,-0.09256,0.12111,-0.09256,-0.945496755,-0.031394117
RTX,0.025084426,0.078006331,0.02012,-0.16353,0.32032,-0.16353,2.528256806,0.775926403
RVTY,-0.005269344,0.091985219,0.00351,-0.25158,0.22958,-0.25158,0.385304561,0.015404306
SBAC,-0.00725,0.077397728,-0.00967,-0.16344,0.18372,-0.16344,-0.439004876,0.077106339
SBUX,0.003890984,0.07908986,0.00068,-0.22671,0.19062,-0.22671,0.871501294,-0.088657754
SCHW,0.020865902,0.099716509,0.00872,-0.32343,0.26465,-0.32343,1.724777964,-0.430749856
SHW,0.00877459,0.085419509,-0.00312,-0.18642,0.17549,-0.18642,-0.475686334,-0.068868933
SJM,-0.002174262,0.057243004,-0.01365,-0.15205,0.15174,-0.15205,0.401138299,0.06923842
SLB,0.024798689,0.124799264,0.01063,0,0.4493,-0.22193,2.40887576,1.134598371
SMCI,0.096702623,0.283662939,0.04441,-0.38048,1.12416,-0.38048,3.14283102,1.428817328
SNA,0.015680164,0.073552654,0.01129,-0.1225,0.28196,-0.1225,1.668974572,0.858749767
SNPS,0.013424098,0.099201509,0.01569,-0.18389,0.23561,-0.18389,-0.361770824,0.06479003
SO,0.006060164,0.04943938,0.01214,-0.11769,0.12242,-0.11769,-0.417067636,-0.07809521
SOLS,-0.00022918,0.001789956,0,0,0,-0.01398,61,-7.810249676
SOLV,0.005347213,0.051031787,0,0,0.20075,-0.13046,4.123943067,0.868518778
SPG,0.025465738,0.095098877,0.01722,-0.17209,0.3146,-0.17209,0.498482332,0.512394292
SPGI,0.006432131,0.069933071,0.00659,-0.13297,0.19043,-0.13297,-0.441460852,0.192968117
SRE,0.004219836,0.063101658,0.00667,-0.13952,0.21685,-0.13952,1.33525818,0.402622759
STE,0.008442787,0.072343791,0.00253,-0.1743,0.14421,-0.1743,-0.755502122,-0.093471546
STLD,0.045997869,0.138282286,0.02882,-0.22523,0.5027,-0.22523,2.288179959,1.055581574
STT,0.013020328,0.090907716,0.00905,-0.23129,0.21691,-0.23129,0.343002511,0.052293354
STX,0.035923934,0.120059211,0.03206,0.08602,0.41016,-0.20505,0.753880497,0.510859452
STZ,-0.003306557,0.068988785,-0.00213,-0.02432,0.24578,-0.1819,2.32784761,0.40101092
SW,0.00596082,0.079615312,-0.00109,-0.16794,0.26788,-0.16794,1.637704164,0.681836538
SWK,-0.012782787,0.10091696,-0.02839,-0.2193,0.32207,-0.2193,1.408506123,0.772893256
SWKS,-0.012578852,0.099890093,-0.00542,-0.27186,0.20345,-0.27186,0.030737749,-0.191105875
SYF,0.02498623,0.110902173,0.01994,-0.25432,0.26144,-0.25432,0.238155555,-0.264591073
SYK,0.015771475,0.068793208,0.01364,-0.02802,0.15539,-0.15168,-0.519368254,-0.087095483
SYY,0.011423443,0.073660402,0.00309,-0.13999,0.28892,-0.13999,3.096131226,1.082492045
T,0.00521623,0.07192906,0.00361,-0.12543,0.19174,-0.12543,0.137570421,0.431568756
TAP,0.009343607,0.082176965,0.0116,-0.14855,0.30459,-0.14855,1.412472045,0.62354994
TDG,0.025611311,0.070721875,0.02689,-0.1303,0.21319,-0.1303,0.419972227,0.044804861
TDY,0.012044918,0.074655987,0.02103,0.02593,0.22251,-0.11143,-0.201425769,0.411097806
TECH,0.005584098,0.110486016,0.0183,-0.27241,0.22671,-0.27241,-0.372349824,-0.131831042
TEL,0.018264262,0.075596809,0.02145,-0.12558,0.21984,-0.12558,0.129960671,0.233492907
TER,0.020727541,0.131595749,0.03568,-0.28664,0.32055,-0.28664,-0.227604868,-0.169999514
TFC,0.005652623,0.088297354,0.00379,-0.30958,0.21551,-0.30958,1.84810413,-0.34508456
TGT,-0.005912459,0.099865081,-0.01861,-0.29202,0.27416,-0.29202,1.190160102,0.082255234
TJX,0.019014426,0.068484985,0.01946,-0.15826,0.2502,-0.15826,1.507334432,0.313072496
TKO,0.03100082,0.097533172,0.02586,-0.19201,0.2503,-0.19201,-0.328813342,0.099058012
TMO,0.001457541,0.07729115,0.00569,-0.16754,0.16983,-0.16754,-0.411104908,-0.044411434
TMUS,0.016266557,0.071401521,0.00697,-0.12252,0.21329,-0.12252,0.26672137,0.544586381
TPL,0.050806066,0.182558731,0.01043,-0.30881,0.90982,-0.30881,7.011074125,1.890558163
TPR,0.044425738,0.124059983,0.02195,-0.22781,0.3327,-0.22781,-0.182979907,0.350651425
TRGP,0.051504098,0.11050147,0.03753,-0.17148,0.46417,-0.17148,2.508476407,0.893636491
TRMB,0.014922459,0.104728582,-0.00682,-0.17238,0.26543,-0.17238,-0.396256203,0.429309774
TROW,-0.001969836,0.087017737,0.00854,-0.21466,0.17662,-0.21466,-0.128586364,-0.465122343
TRV,0.019019508,0.061125816,0.02832,-0.10313,0.20405,-0.10313,0.087974645,0.021583659
TSCO,0.017328689,0.072579836,0.01821,-0.13678,0.24933,-0.13678,0.967561817,0.476209726
TSLA,0.030418525,0.18994861,0.02162,-0.36733,0.46274,-0.36733,-0.237670827,0.278500196
TSN,0.00226623,0.073592505,-0.00192,-0.18963,0.15534,-0.18963,-0.122489581,-0.075310998
TT,0.023145902,0.082979488,0.02918,-0.1432,0.19103,-0.1432,-0.60865426,-0.063657191
TTD,0.014721475,0.196153752,-0.00417,-0.53893,0.59073,-0.53893,1.282420901,0.154659258
TTWO,0.008904918,0.087923094,-0.0082,-0.22265,0.1828,-0.22265,-0.420509057,0.106254694
TXN,0.005230164,0.074696363,0.00152,-0.13074,0.16427,-0.13074,-0.641609991,0.172752808
TXT,-0.00781459,0.091240935,-0.01481,-0.22008,0.17757,-0.22008,-0.401781836,0.143380251
TYL,0.006323934,0.070991979,0.00412,-0.11925,0.20007,-0.11925,0.032997463,0.497323969
UAL,0.032950492,0.1511951,0.00279,-0.3476,0.43886,-0.3476,0.704739571,0.564113482
UBER,0.02945623,0.131109337,0.0161,-0.26302,0.48638,-0.26302,1.364752554,0.674444205
UDR,0.006157049,0.069664825,0.00052,-0.10821,0.23143,-0.10821,0.571020666,0.685418429
UHS,0.017482295,0.106230009,0.01698,0.09206,0.31402,-0.1918,-0.430409397,0.180543535
ULTA,0.022201967,0.096789938,0.01784,-0.25679,0.33191,-0.25679,1.68732009,-0.023143246
UNH,0.001193115,0.08762512,-0.00935,-0.26621,0.24167,-0.26621,1.769485895,-0.384703788
UNP,0.00789,0.068840288,-0.00444,-0.14245,0.23157,-0.14245,1.010664789,0.585303367
UPS,-0.003091475,0.079276439,-0.00195,-0.07987,0.19925,-0.1695,-0.060440474,0.162235701
URI,0.035825246,0.12723793,0.02172,-0.18656,0.35513,-0.18656,0.043117762,0.56842034
USB,0.009111803,0.096239379,-0.00105,-0.2761,0.29078,-0.2761,1.012380656,0.193145185
V,0.013191311,0.062191685,0.0143,-0.11649,0.16611,-0.11649,-0.266149374,0.27111809
VICI,0.008124754,0.060637101,-0.00353,-0.10426,0.1477,-0.10426,-0.511258386,0.381219034
VLO,0.035327213,0.114971945,0.03164,-0.17994,0.39264,-0.17994,1.405151942,0.747977156
VLTO,0.005184262,0.049781058,0,0,0.15608,-0.18401,4.531312618,-0.01195328
VMC,0.016328361,0.080970954,0.00799,-0.14901,0.20756,-0.14901,-0.477918347,0.208552584
VRSK,0.002112295,0.068656052,0.01094,-0.14276,0.15975,-0.14276,-0.346035091,-0.212498868
VRSN,0.006571639,0.072571731,0.00685,-0.19675,0.18079,-0.19675,0.474753464,-0.211043897
VRTX,0.010483279,0.07069978,0.00481,-0.14413,0.17471,-0.14413,0.073897903,0.078859525
VST,0.04677459,0.154270318,0.05246,-0.30108,0.69754,-0.30108,4.562895963,1.300960646
VTR,0.017595082,0.089045073,0.02121,-0.16329,0.21383,-0.16329,-0.543958864,0.096702744
VTRS,-0.009757705,0.110846026,-0.01476,-0.27321,0.20709,-0.27321,-0.079321052,-0.199597449
VZ,-0.00387541,0.058922913,-0.00921,-0.09811,0.15156,-0.09811,-0.207279968,0.385132357
WAB,0.022320984,0.072290073,0.03123,-0.13106,0.23609,-0.13106,0.473835324,0.250588981
WAT,0.012741639,0.095275847,0.01662,-0.17974,0.19068,-0.17974,-0.690070173,-0.124297935
WBD,0.02064623,0.179472663,0.00536,-0.27263,0.67784,-0.27263,2.854685655,1.336799788
WDAY,0.005355902,0.09019902,0.01106,-0.24383,0.27873,-0.24383,0.821007899,0.180389874
WDC,0.037861803,0.147671849,0.04117,-0.26133,0.4944,-0.26133,0.626818365,0.414277588
WEC,4.85E-05,0.051791146,0.00245,-0.13293,0.11665,-0.13293,-0.159418359,0.043291809
WELL,0.028360656,0.072267062,0.01969,-0.16086,0.18201,-0.16086,-0.171941121,-0.078181768
WFC,0.031595738,0.097455586,0.01554,-0.20247,0.30756,-0.20247,0.619282907,0.353001374
WM,0.014440656,0.057813134,0.01303,-0.11581,0.159,-0.11581,-0.120512545,0.110272247
WMB,0.02343082,0.070765024,0.02634,-0.15868,0.14977,-0.15868,-0.094840647,-0.313633019
WMT,0.014244754,0.057388136,0.01486,-0.15923,0.12874,-0.15923,0.409711224,-0.24155521
WRB,0.024227213,0.075229091,0.02554,0.04185,0.21258,-0.12969,0.068858349,0.425922359
WSM,0.031782459,0.151769135,-0.0051,-0.25202,0.64192,-0.25202,3.415522421,1.39574029
WST,0.001136721,0.111546349,0.01258,-0.34452,0.30448,-0.34452,1.982116048,-0.630725872
WTW,0.012536885,0.066659767,0.01652,0.00966,0.14089,-0.11991,-0.601929565,-0.054841703
WY,-0.000648033,0.083199511,-0.01698,-0.16393,0.16923,-0.16393,-0.768086122,0.072014194
WYNN,0.022782787,0.121175571,0.01252,-0.19599,0.38755,-0.19599,1.076651687,0.983611087
XEL,-0.000364426,0.054728538,0.00158,-0.13805,0.1141,-0.13805,-0.16676598,-0.34062237
XOM,0.028436721,0.086071378,0.02256,-0.13656,0.26916,-0.13656,0.928757252,0.742885761
XYL,0.011373443,0.079050028,0.0113,-0.18815,0.17716,-0.18815,-0.170004911,-0.124833426
XYZ,-0.000294262,0.180442916,0.01589,-0.40178,0.5759,-0.40178,0.748791471,0.377950725
YUM,0.014029344,0.068945086,0.00377,-0.09859,0.20582,-0.09859,0.338396534,0.731172541
ZBH,-0.002879344,0.06955819,-0.00447,-0.16434,0.15767,-0.16434,-0.263740439,0.084528672
ZBRA,0.004482131,0.131523057,0.00576,-0.27907,0.33416,-0.27907,-0.166974594,0.420854299
ZTS,-0.001444918,0.071480758,0.00912,-0.18129,0.12924,-0.18129,-0.413749148,-0.209426333


